{
	"formatVersion": 1,
	"appVersion": "0.55.1",
	"files": [
		{
			"isClone": false,
			"noteId": "QsiEAu2imDM3",
			"notePath": [
				"QsiEAu2imDM3"
			],
			"title": "我的笔记",
			"notePosition": 30,
			"prefix": null,
			"isExpanded": true,
			"type": "text",
			"mime": "text/html",
			"attributes": [],
			"format": "html",
			"dirFileName": "我的笔记",
			"children": [
				{
					"isClone": false,
					"noteId": "6hNontfNlzMo",
					"notePath": [
						"QsiEAu2imDM3",
						"6hNontfNlzMo"
					],
					"title": "腾讯云ubuntu开启root登录",
					"notePosition": 30,
					"prefix": null,
					"isExpanded": false,
					"type": "text",
					"mime": "text/html",
					"attributes": [],
					"format": "html",
					"dataFileName": "腾讯云ubuntu开启root登录.html"
				},
				{
					"isClone": false,
					"noteId": "G7ryaP5ewfFE",
					"notePath": [
						"QsiEAu2imDM3",
						"G7ryaP5ewfFE"
					],
					"title": "服务安装",
					"notePosition": 70,
					"prefix": null,
					"isExpanded": false,
					"type": "text",
					"mime": "text/html",
					"attributes": [],
					"format": "html",
					"dirFileName": "服务安装",
					"children": [
						{
							"isClone": false,
							"noteId": "bro7mWMCZQn5",
							"notePath": [
								"QsiEAu2imDM3",
								"G7ryaP5ewfFE",
								"bro7mWMCZQn5"
							],
							"title": "ubuntu20安装服务",
							"notePosition": 0,
							"prefix": null,
							"isExpanded": false,
							"type": "text",
							"mime": "text/html",
							"attributes": [],
							"format": "html",
							"dataFileName": "ubuntu20安装服务.html"
						},
						{
							"isClone": false,
							"noteId": "yRuOeNofO5PN",
							"notePath": [
								"QsiEAu2imDM3",
								"G7ryaP5ewfFE",
								"yRuOeNofO5PN"
							],
							"title": "magento2 ",
							"notePosition": 10,
							"prefix": null,
							"isExpanded": false,
							"type": "text",
							"mime": "text/html",
							"attributes": [],
							"format": "html",
							"dataFileName": "magento2.html"
						},
						{
							"isClone": false,
							"noteId": "QVngCOQtNyTL",
							"notePath": [
								"QsiEAu2imDM3",
								"G7ryaP5ewfFE",
								"QVngCOQtNyTL"
							],
							"title": "any服务",
							"notePosition": 20,
							"prefix": null,
							"isExpanded": false,
							"type": "text",
							"mime": "text/html",
							"attributes": [],
							"format": "html",
							"dataFileName": "any服务.html"
						},
						{
							"isClone": false,
							"noteId": "tE5kyUGvfjzL",
							"notePath": [
								"QsiEAu2imDM3",
								"G7ryaP5ewfFE",
								"tE5kyUGvfjzL"
							],
							"title": "nginx",
							"notePosition": 30,
							"prefix": null,
							"isExpanded": false,
							"type": "text",
							"mime": "text/html",
							"attributes": [
								{
									"type": "relation",
									"name": "imageLink",
									"value": "t6DWw6HQQOM3",
									"isInheritable": false,
									"position": 3
								},
								{
									"type": "relation",
									"name": "imageLink",
									"value": "IysD5UCw1hRz",
									"isInheritable": false,
									"position": 4
								},
								{
									"type": "relation",
									"name": "imageLink",
									"value": "lMnFSZYtH6V1",
									"isInheritable": false,
									"position": 5
								},
								{
									"type": "relation",
									"name": "imageLink",
									"value": "vHsiONqdPKe1",
									"isInheritable": false,
									"position": 6
								},
								{
									"type": "relation",
									"name": "imageLink",
									"value": "PFoHAkldNKOY",
									"isInheritable": false,
									"position": 7
								}
							],
							"format": "html",
							"dataFileName": "nginx.html",
							"dirFileName": "nginx",
							"children": [
								{
									"isClone": false,
									"noteId": "t6DWw6HQQOM3",
									"notePath": [
										"QsiEAu2imDM3",
										"G7ryaP5ewfFE",
										"tE5kyUGvfjzL",
										"t6DWw6HQQOM3"
									],
									"title": "image.png",
									"notePosition": 10,
									"prefix": null,
									"isExpanded": false,
									"type": "image",
									"mime": "image/jpg",
									"attributes": [
										{
											"type": "label",
											"name": "originalFileName",
											"value": "image.png",
											"isInheritable": false,
											"position": 1000
										}
									],
									"dataFileName": "image.png"
								},
								{
									"isClone": false,
									"noteId": "T55FW20EpVMV",
									"notePath": [
										"QsiEAu2imDM3",
										"G7ryaP5ewfFE",
										"tE5kyUGvfjzL",
										"T55FW20EpVMV"
									],
									"title": "image.png",
									"notePosition": 20,
									"prefix": null,
									"isExpanded": false,
									"type": "image",
									"mime": "image/jpg",
									"attributes": [
										{
											"type": "label",
											"name": "originalFileName",
											"value": "image.png",
											"isInheritable": false,
											"position": 1000
										}
									],
									"dataFileName": "1_image.png"
								},
								{
									"isClone": false,
									"noteId": "IysD5UCw1hRz",
									"notePath": [
										"QsiEAu2imDM3",
										"G7ryaP5ewfFE",
										"tE5kyUGvfjzL",
										"IysD5UCw1hRz"
									],
									"title": "image.png",
									"notePosition": 30,
									"prefix": null,
									"isExpanded": false,
									"type": "image",
									"mime": "image/jpg",
									"attributes": [
										{
											"type": "label",
											"name": "originalFileName",
											"value": "image.png",
											"isInheritable": false,
											"position": 1000
										}
									],
									"dataFileName": "2_image.png"
								},
								{
									"isClone": false,
									"noteId": "lMnFSZYtH6V1",
									"notePath": [
										"QsiEAu2imDM3",
										"G7ryaP5ewfFE",
										"tE5kyUGvfjzL",
										"lMnFSZYtH6V1"
									],
									"title": "image.png",
									"notePosition": 40,
									"prefix": null,
									"isExpanded": false,
									"type": "image",
									"mime": "image/jpg",
									"attributes": [
										{
											"type": "label",
											"name": "originalFileName",
											"value": "image.png",
											"isInheritable": false,
											"position": 1000
										}
									],
									"dataFileName": "3_image.png"
								},
								{
									"isClone": false,
									"noteId": "vHsiONqdPKe1",
									"notePath": [
										"QsiEAu2imDM3",
										"G7ryaP5ewfFE",
										"tE5kyUGvfjzL",
										"vHsiONqdPKe1"
									],
									"title": "image.png",
									"notePosition": 50,
									"prefix": null,
									"isExpanded": false,
									"type": "image",
									"mime": "image/jpg",
									"attributes": [
										{
											"type": "label",
											"name": "originalFileName",
											"value": "image.png",
											"isInheritable": false,
											"position": 1000
										}
									],
									"dataFileName": "4_image.png"
								},
								{
									"isClone": false,
									"noteId": "PFoHAkldNKOY",
									"notePath": [
										"QsiEAu2imDM3",
										"G7ryaP5ewfFE",
										"tE5kyUGvfjzL",
										"PFoHAkldNKOY"
									],
									"title": "image.png",
									"notePosition": 60,
									"prefix": null,
									"isExpanded": false,
									"type": "image",
									"mime": "image/jpg",
									"attributes": [
										{
											"type": "label",
											"name": "originalFileName",
											"value": "image.png",
											"isInheritable": false,
											"position": 1000
										}
									],
									"dataFileName": "5_image.png"
								}
							]
						},
						{
							"isClone": false,
							"noteId": "9KuG6WYlak2b",
							"notePath": [
								"QsiEAu2imDM3",
								"G7ryaP5ewfFE",
								"9KuG6WYlak2b"
							],
							"title": "JWT",
							"notePosition": 40,
							"prefix": null,
							"isExpanded": false,
							"type": "text",
							"mime": "text/html",
							"attributes": [
								{
									"type": "relation",
									"name": "imageLink",
									"value": "1RKF8BDpzVVQ",
									"isInheritable": false,
									"position": 1
								},
								{
									"type": "relation",
									"name": "imageLink",
									"value": "fjyhE7meiPHq",
									"isInheritable": false,
									"position": 2
								},
								{
									"type": "relation",
									"name": "imageLink",
									"value": "HUByWDYnMbnr",
									"isInheritable": false,
									"position": 3
								},
								{
									"type": "relation",
									"name": "imageLink",
									"value": "bzuaznK4QC1Q",
									"isInheritable": false,
									"position": 4
								},
								{
									"type": "relation",
									"name": "imageLink",
									"value": "syfIey9bGn02",
									"isInheritable": false,
									"position": 5
								},
								{
									"type": "relation",
									"name": "imageLink",
									"value": "I4tWBmFRlBko",
									"isInheritable": false,
									"position": 6
								},
								{
									"type": "relation",
									"name": "imageLink",
									"value": "gnUynibP7Ksz",
									"isInheritable": false,
									"position": 7
								},
								{
									"type": "relation",
									"name": "imageLink",
									"value": "jX6sq48PWefr",
									"isInheritable": false,
									"position": 8
								},
								{
									"type": "relation",
									"name": "imageLink",
									"value": "Euz9wPSgWgxV",
									"isInheritable": false,
									"position": 9
								},
								{
									"type": "relation",
									"name": "imageLink",
									"value": "OLVmTBjRZXh0",
									"isInheritable": false,
									"position": 10
								}
							],
							"format": "html",
							"dataFileName": "JWT.html",
							"dirFileName": "JWT",
							"children": [
								{
									"isClone": false,
									"noteId": "fjyhE7meiPHq",
									"notePath": [
										"QsiEAu2imDM3",
										"G7ryaP5ewfFE",
										"9KuG6WYlak2b",
										"fjyhE7meiPHq"
									],
									"title": "image.jpg",
									"notePosition": 10,
									"prefix": null,
									"isExpanded": false,
									"type": "image",
									"mime": "image/jpg",
									"attributes": [
										{
											"type": "label",
											"name": "originalFileName",
											"value": "image.jpg",
											"isInheritable": false,
											"position": 1000
										},
										{
											"type": "label",
											"name": "imageUrl",
											"value": "https://cdn.nlark.com/yuque/0/2022/png/29621010/1659205022739-747c4539-4586-438a-a512-9e9321d2de39.png",
											"isInheritable": false,
											"position": 1000
										}
									],
									"dataFileName": "image.jpg"
								},
								{
									"isClone": false,
									"noteId": "1RKF8BDpzVVQ",
									"notePath": [
										"QsiEAu2imDM3",
										"G7ryaP5ewfFE",
										"9KuG6WYlak2b",
										"1RKF8BDpzVVQ"
									],
									"title": "image.jpg",
									"notePosition": 20,
									"prefix": null,
									"isExpanded": false,
									"type": "image",
									"mime": "image/jpg",
									"attributes": [
										{
											"type": "label",
											"name": "originalFileName",
											"value": "image.jpg",
											"isInheritable": false,
											"position": 1000
										},
										{
											"type": "label",
											"name": "imageUrl",
											"value": "https://cdn.nlark.com/yuque/0/2022/png/29621010/1659204990580-9ad759ad-a216-4c7d-9a18-864ec3be7917.png",
											"isInheritable": false,
											"position": 1000
										}
									],
									"dataFileName": "1_image.jpg"
								},
								{
									"isClone": false,
									"noteId": "gnUynibP7Ksz",
									"notePath": [
										"QsiEAu2imDM3",
										"G7ryaP5ewfFE",
										"9KuG6WYlak2b",
										"gnUynibP7Ksz"
									],
									"title": "image.jpg",
									"notePosition": 30,
									"prefix": null,
									"isExpanded": false,
									"type": "image",
									"mime": "image/jpg",
									"attributes": [
										{
											"type": "label",
											"name": "originalFileName",
											"value": "image.jpg",
											"isInheritable": false,
											"position": 1000
										},
										{
											"type": "label",
											"name": "imageUrl",
											"value": "https://cdn.nlark.com/yuque/0/2022/png/29621010/1659207874193-9067bac3-e8d0-4d63-bb58-d5dcf957aad0.png",
											"isInheritable": false,
											"position": 1000
										}
									],
									"dataFileName": "2_image.jpg"
								},
								{
									"isClone": false,
									"noteId": "bzuaznK4QC1Q",
									"notePath": [
										"QsiEAu2imDM3",
										"G7ryaP5ewfFE",
										"9KuG6WYlak2b",
										"bzuaznK4QC1Q"
									],
									"title": "image.jpg",
									"notePosition": 40,
									"prefix": null,
									"isExpanded": false,
									"type": "image",
									"mime": "image/jpg",
									"attributes": [
										{
											"type": "label",
											"name": "originalFileName",
											"value": "image.jpg",
											"isInheritable": false,
											"position": 1000
										},
										{
											"type": "label",
											"name": "imageUrl",
											"value": "https://cdn.nlark.com/yuque/0/2022/png/29621010/1659207508554-a1746502-5460-4a03-9fd8-29ce571207f6.png",
											"isInheritable": false,
											"position": 1000
										}
									],
									"dataFileName": "3_image.jpg"
								},
								{
									"isClone": false,
									"noteId": "syfIey9bGn02",
									"notePath": [
										"QsiEAu2imDM3",
										"G7ryaP5ewfFE",
										"9KuG6WYlak2b",
										"syfIey9bGn02"
									],
									"title": "image.jpg",
									"notePosition": 50,
									"prefix": null,
									"isExpanded": false,
									"type": "image",
									"mime": "image/jpg",
									"attributes": [
										{
											"type": "label",
											"name": "originalFileName",
											"value": "image.jpg",
											"isInheritable": false,
											"position": 1000
										},
										{
											"type": "label",
											"name": "imageUrl",
											"value": "https://cdn.nlark.com/yuque/0/2022/png/29621010/1659207650646-e4532879-f679-4e43-8947-498bb90a301b.png",
											"isInheritable": false,
											"position": 1000
										}
									],
									"dataFileName": "4_image.jpg"
								},
								{
									"isClone": false,
									"noteId": "OLVmTBjRZXh0",
									"notePath": [
										"QsiEAu2imDM3",
										"G7ryaP5ewfFE",
										"9KuG6WYlak2b",
										"OLVmTBjRZXh0"
									],
									"title": "image.jpg",
									"notePosition": 60,
									"prefix": null,
									"isExpanded": false,
									"type": "image",
									"mime": "image/jpg",
									"attributes": [
										{
											"type": "label",
											"name": "originalFileName",
											"value": "image.jpg",
											"isInheritable": false,
											"position": 1000
										},
										{
											"type": "label",
											"name": "imageUrl",
											"value": "https://cdn.nlark.com/yuque/0/2022/png/29621010/1659209051877-a89d3b7e-2a83-40d2-95a5-a44c0a7f1ad9.png",
											"isInheritable": false,
											"position": 1000
										}
									],
									"dataFileName": "5_image.jpg"
								},
								{
									"isClone": false,
									"noteId": "Euz9wPSgWgxV",
									"notePath": [
										"QsiEAu2imDM3",
										"G7ryaP5ewfFE",
										"9KuG6WYlak2b",
										"Euz9wPSgWgxV"
									],
									"title": "image.jpg",
									"notePosition": 70,
									"prefix": null,
									"isExpanded": false,
									"type": "image",
									"mime": "image/jpg",
									"attributes": [
										{
											"type": "label",
											"name": "originalFileName",
											"value": "image.jpg",
											"isInheritable": false,
											"position": 1000
										},
										{
											"type": "label",
											"name": "imageUrl",
											"value": "https://cdn.nlark.com/yuque/0/2022/png/29621010/1659250576557-54ceace5-f1d0-4215-a771-0724248a7e4a.png",
											"isInheritable": false,
											"position": 1000
										}
									],
									"dataFileName": "6_image.jpg"
								},
								{
									"isClone": false,
									"noteId": "jX6sq48PWefr",
									"notePath": [
										"QsiEAu2imDM3",
										"G7ryaP5ewfFE",
										"9KuG6WYlak2b",
										"jX6sq48PWefr"
									],
									"title": "image.jpg",
									"notePosition": 80,
									"prefix": null,
									"isExpanded": false,
									"type": "image",
									"mime": "image/jpg",
									"attributes": [
										{
											"type": "label",
											"name": "originalFileName",
											"value": "image.jpg",
											"isInheritable": false,
											"position": 1000
										},
										{
											"type": "label",
											"name": "imageUrl",
											"value": "https://cdn.nlark.com/yuque/0/2022/png/29621010/1659208970077-d1c26323-04c7-4516-9b30-03be33589a0e.png",
											"isInheritable": false,
											"position": 1000
										}
									],
									"dataFileName": "7_image.jpg"
								},
								{
									"isClone": false,
									"noteId": "I4tWBmFRlBko",
									"notePath": [
										"QsiEAu2imDM3",
										"G7ryaP5ewfFE",
										"9KuG6WYlak2b",
										"I4tWBmFRlBko"
									],
									"title": "image.jpg",
									"notePosition": 90,
									"prefix": null,
									"isExpanded": false,
									"type": "image",
									"mime": "image/jpg",
									"attributes": [
										{
											"type": "label",
											"name": "originalFileName",
											"value": "image.jpg",
											"isInheritable": false,
											"position": 1000
										},
										{
											"type": "label",
											"name": "imageUrl",
											"value": "https://cdn.nlark.com/yuque/0/2022/png/29621010/1659207713855-992fba65-f9ff-4fa1-a934-60dad095bb54.png",
											"isInheritable": false,
											"position": 1000
										}
									],
									"dataFileName": "8_image.jpg"
								},
								{
									"isClone": false,
									"noteId": "HUByWDYnMbnr",
									"notePath": [
										"QsiEAu2imDM3",
										"G7ryaP5ewfFE",
										"9KuG6WYlak2b",
										"HUByWDYnMbnr"
									],
									"title": "image.jpg",
									"notePosition": 100,
									"prefix": null,
									"isExpanded": false,
									"type": "image",
									"mime": "image/jpg",
									"attributes": [
										{
											"type": "label",
											"name": "originalFileName",
											"value": "image.jpg",
											"isInheritable": false,
											"position": 1000
										},
										{
											"type": "label",
											"name": "imageUrl",
											"value": "https://cdn.nlark.com/yuque/0/2022/png/29621010/1659206517054-2440fbef-6459-49ed-982a-0024cbcb1b16.png",
											"isInheritable": false,
											"position": 1000
										}
									],
									"dataFileName": "9_image.jpg"
								}
							]
						},
						{
							"isClone": false,
							"noteId": "PP1A9esKIGKi",
							"notePath": [
								"QsiEAu2imDM3",
								"G7ryaP5ewfFE",
								"PP1A9esKIGKi"
							],
							"title": "django",
							"notePosition": 50,
							"prefix": null,
							"isExpanded": false,
							"type": "text",
							"mime": "text/html",
							"attributes": [
								{
									"type": "relation",
									"name": "imageLink",
									"value": "Gg3PBAB1dhk8",
									"isInheritable": false,
									"position": 1
								},
								{
									"type": "relation",
									"name": "imageLink",
									"value": "JgHWbkrDaBiM",
									"isInheritable": false,
									"position": 2
								},
								{
									"type": "relation",
									"name": "imageLink",
									"value": "gIQkqlnf5GTu",
									"isInheritable": false,
									"position": 3
								},
								{
									"type": "relation",
									"name": "imageLink",
									"value": "jvxDe25ANUnF",
									"isInheritable": false,
									"position": 4
								},
								{
									"type": "relation",
									"name": "imageLink",
									"value": "skV5Abbni8pl",
									"isInheritable": false,
									"position": 5
								},
								{
									"type": "relation",
									"name": "imageLink",
									"value": "eO9kLknlCMam",
									"isInheritable": false,
									"position": 6
								},
								{
									"type": "relation",
									"name": "imageLink",
									"value": "kLpGsMNKcvhV",
									"isInheritable": false,
									"position": 7
								},
								{
									"type": "relation",
									"name": "imageLink",
									"value": "PCOq2HKtVc3I",
									"isInheritable": false,
									"position": 8
								},
								{
									"type": "relation",
									"name": "imageLink",
									"value": "UZtVIJRcU3bN",
									"isInheritable": false,
									"position": 9
								},
								{
									"type": "relation",
									"name": "imageLink",
									"value": "cJzo8OtzXdu9",
									"isInheritable": false,
									"position": 10
								},
								{
									"type": "relation",
									"name": "imageLink",
									"value": "IQaPL8HD6aCj",
									"isInheritable": false,
									"position": 11
								},
								{
									"type": "relation",
									"name": "imageLink",
									"value": "qzQEOzQohRrD",
									"isInheritable": false,
									"position": 12
								},
								{
									"type": "relation",
									"name": "imageLink",
									"value": "TCxJcENsKzwt",
									"isInheritable": false,
									"position": 13
								},
								{
									"type": "relation",
									"name": "imageLink",
									"value": "QP2cfCAaIQIn",
									"isInheritable": false,
									"position": 14
								},
								{
									"type": "relation",
									"name": "imageLink",
									"value": "5ouNi8zMXjdc",
									"isInheritable": false,
									"position": 15
								},
								{
									"type": "relation",
									"name": "imageLink",
									"value": "aKyrTffnoer7",
									"isInheritable": false,
									"position": 16
								},
								{
									"type": "relation",
									"name": "imageLink",
									"value": "3OGFpFWaOZVj",
									"isInheritable": false,
									"position": 17
								},
								{
									"type": "relation",
									"name": "imageLink",
									"value": "hGtdGrJBPM6V",
									"isInheritable": false,
									"position": 18
								},
								{
									"type": "relation",
									"name": "imageLink",
									"value": "yjE45QalZENR",
									"isInheritable": false,
									"position": 19
								},
								{
									"type": "relation",
									"name": "imageLink",
									"value": "06tUI0CfImUZ",
									"isInheritable": false,
									"position": 20
								},
								{
									"type": "relation",
									"name": "imageLink",
									"value": "gYLYP5ZSuJWF",
									"isInheritable": false,
									"position": 21
								},
								{
									"type": "relation",
									"name": "imageLink",
									"value": "ETNOD7fGz6dY",
									"isInheritable": false,
									"position": 22
								},
								{
									"type": "relation",
									"name": "imageLink",
									"value": "4jMAWX25xXII",
									"isInheritable": false,
									"position": 23
								},
								{
									"type": "relation",
									"name": "imageLink",
									"value": "DjPfiDB4jio4",
									"isInheritable": false,
									"position": 24
								},
								{
									"type": "relation",
									"name": "imageLink",
									"value": "g9ty2R75eNR3",
									"isInheritable": false,
									"position": 25
								},
								{
									"type": "relation",
									"name": "imageLink",
									"value": "FQ9AvoKMdaIV",
									"isInheritable": false,
									"position": 26
								},
								{
									"type": "relation",
									"name": "imageLink",
									"value": "yKCvOsMukcRH",
									"isInheritable": false,
									"position": 27
								},
								{
									"type": "relation",
									"name": "imageLink",
									"value": "MOhGqS2W504h",
									"isInheritable": false,
									"position": 28
								},
								{
									"type": "relation",
									"name": "imageLink",
									"value": "KTWtSNEZnPVw",
									"isInheritable": false,
									"position": 29
								},
								{
									"type": "relation",
									"name": "imageLink",
									"value": "ad42cATaqfDU",
									"isInheritable": false,
									"position": 30
								},
								{
									"type": "relation",
									"name": "imageLink",
									"value": "0iiF8qfRhPY9",
									"isInheritable": false,
									"position": 31
								},
								{
									"type": "relation",
									"name": "imageLink",
									"value": "4deYhRINIyi1",
									"isInheritable": false,
									"position": 32
								},
								{
									"type": "relation",
									"name": "imageLink",
									"value": "N5nUlyWz3v9k",
									"isInheritable": false,
									"position": 33
								},
								{
									"type": "relation",
									"name": "imageLink",
									"value": "KXpc0eGvC48X",
									"isInheritable": false,
									"position": 34
								},
								{
									"type": "relation",
									"name": "imageLink",
									"value": "dQVP8Fz79M73",
									"isInheritable": false,
									"position": 35
								},
								{
									"type": "relation",
									"name": "imageLink",
									"value": "EXJNS7gd2Xvs",
									"isInheritable": false,
									"position": 36
								},
								{
									"type": "relation",
									"name": "imageLink",
									"value": "LOaaD9CcCFNG",
									"isInheritable": false,
									"position": 37
								},
								{
									"type": "relation",
									"name": "imageLink",
									"value": "iqePYsCC99mw",
									"isInheritable": false,
									"position": 38
								},
								{
									"type": "relation",
									"name": "imageLink",
									"value": "lCLdoKLT9tVr",
									"isInheritable": false,
									"position": 39
								},
								{
									"type": "relation",
									"name": "imageLink",
									"value": "aCKHoFzzaZ4G",
									"isInheritable": false,
									"position": 40
								},
								{
									"type": "relation",
									"name": "imageLink",
									"value": "OqYOVUaciQ91",
									"isInheritable": false,
									"position": 41
								},
								{
									"type": "relation",
									"name": "imageLink",
									"value": "9cbyZrdjNDLI",
									"isInheritable": false,
									"position": 42
								},
								{
									"type": "relation",
									"name": "imageLink",
									"value": "Ew0ZhGK4Ia9g",
									"isInheritable": false,
									"position": 43
								},
								{
									"type": "relation",
									"name": "imageLink",
									"value": "EZuzGwpVw76o",
									"isInheritable": false,
									"position": 44
								},
								{
									"type": "relation",
									"name": "imageLink",
									"value": "8FTToz0mSmdx",
									"isInheritable": false,
									"position": 45
								},
								{
									"type": "relation",
									"name": "imageLink",
									"value": "zd10f2GdZAac",
									"isInheritable": false,
									"position": 46
								},
								{
									"type": "relation",
									"name": "imageLink",
									"value": "9DU1XCoTasIy",
									"isInheritable": false,
									"position": 47
								},
								{
									"type": "relation",
									"name": "imageLink",
									"value": "TA5SvIBxdWXn",
									"isInheritable": false,
									"position": 48
								},
								{
									"type": "relation",
									"name": "imageLink",
									"value": "zKO0LKZOIznI",
									"isInheritable": false,
									"position": 49
								},
								{
									"type": "relation",
									"name": "imageLink",
									"value": "zKocxCgQLrIZ",
									"isInheritable": false,
									"position": 50
								},
								{
									"type": "relation",
									"name": "imageLink",
									"value": "OL108t51y4uO",
									"isInheritable": false,
									"position": 51
								}
							],
							"format": "html",
							"dataFileName": "django.html",
							"dirFileName": "django",
							"children": [
								{
									"isClone": false,
									"noteId": "PCOq2HKtVc3I",
									"notePath": [
										"QsiEAu2imDM3",
										"G7ryaP5ewfFE",
										"PP1A9esKIGKi",
										"PCOq2HKtVc3I"
									],
									"title": "image.jpg",
									"notePosition": 10,
									"prefix": null,
									"isExpanded": false,
									"type": "image",
									"mime": "image/jpg",
									"attributes": [
										{
											"type": "label",
											"name": "originalFileName",
											"value": "image.jpg",
											"isInheritable": false,
											"position": 1000
										},
										{
											"type": "label",
											"name": "imageUrl",
											"value": "https://cdn.nlark.com/yuque/0/2022/jpeg/29621010/1660706510171-65c03f3c-d32a-4f31-86ff-3baed3647f22.jpeg",
											"isInheritable": false,
											"position": 1000
										}
									],
									"dataFileName": "image.jpg"
								},
								{
									"isClone": false,
									"noteId": "kLpGsMNKcvhV",
									"notePath": [
										"QsiEAu2imDM3",
										"G7ryaP5ewfFE",
										"PP1A9esKIGKi",
										"kLpGsMNKcvhV"
									],
									"title": "image.jpg",
									"notePosition": 20,
									"prefix": null,
									"isExpanded": false,
									"type": "image",
									"mime": "image/jpg",
									"attributes": [
										{
											"type": "label",
											"name": "originalFileName",
											"value": "image.jpg",
											"isInheritable": false,
											"position": 1000
										},
										{
											"type": "label",
											"name": "imageUrl",
											"value": "https://cdn.nlark.com/yuque/0/2022/jpeg/29621010/1660706509545-cf8a7a62-daf9-4ddd-bd20-137cf24ea3b2.jpeg",
											"isInheritable": false,
											"position": 1000
										}
									],
									"dataFileName": "1_image.jpg"
								},
								{
									"isClone": false,
									"noteId": "skV5Abbni8pl",
									"notePath": [
										"QsiEAu2imDM3",
										"G7ryaP5ewfFE",
										"PP1A9esKIGKi",
										"skV5Abbni8pl"
									],
									"title": "image.jpg",
									"notePosition": 30,
									"prefix": null,
									"isExpanded": false,
									"type": "image",
									"mime": "image/jpg",
									"attributes": [
										{
											"type": "label",
											"name": "originalFileName",
											"value": "image.jpg",
											"isInheritable": false,
											"position": 1000
										},
										{
											"type": "label",
											"name": "imageUrl",
											"value": "https://cdn.nlark.com/yuque/0/2022/jpeg/29621010/1660706509177-476aa8c0-4fa2-4651-a5cc-4ae952e77344.jpeg",
											"isInheritable": false,
											"position": 1000
										}
									],
									"dataFileName": "2_image.jpg"
								},
								{
									"isClone": false,
									"noteId": "eO9kLknlCMam",
									"notePath": [
										"QsiEAu2imDM3",
										"G7ryaP5ewfFE",
										"PP1A9esKIGKi",
										"eO9kLknlCMam"
									],
									"title": "image.jpg",
									"notePosition": 40,
									"prefix": null,
									"isExpanded": false,
									"type": "image",
									"mime": "image/jpg",
									"attributes": [
										{
											"type": "label",
											"name": "originalFileName",
											"value": "image.jpg",
											"isInheritable": false,
											"position": 1000
										},
										{
											"type": "label",
											"name": "imageUrl",
											"value": "https://cdn.nlark.com/yuque/0/2022/jpeg/29621010/1660706508652-d55afe7b-a9ae-453d-b592-82c7f1e412db.jpeg",
											"isInheritable": false,
											"position": 1000
										}
									],
									"dataFileName": "3_image.jpg"
								},
								{
									"isClone": false,
									"noteId": "Gg3PBAB1dhk8",
									"notePath": [
										"QsiEAu2imDM3",
										"G7ryaP5ewfFE",
										"PP1A9esKIGKi",
										"Gg3PBAB1dhk8"
									],
									"title": "image.jpg",
									"notePosition": 50,
									"prefix": null,
									"isExpanded": false,
									"type": "image",
									"mime": "image/jpg",
									"attributes": [
										{
											"type": "label",
											"name": "originalFileName",
											"value": "image.jpg",
											"isInheritable": false,
											"position": 1000
										},
										{
											"type": "label",
											"name": "imageUrl",
											"value": "https://cdn.nlark.com/yuque/0/2022/png/29621010/1660128325290-ef221361-f070-4d19-b9e5-b4810a1beb4a.png",
											"isInheritable": false,
											"position": 1000
										}
									],
									"dataFileName": "4_image.jpg"
								},
								{
									"isClone": false,
									"noteId": "jvxDe25ANUnF",
									"notePath": [
										"QsiEAu2imDM3",
										"G7ryaP5ewfFE",
										"PP1A9esKIGKi",
										"jvxDe25ANUnF"
									],
									"title": "image.jpg",
									"notePosition": 60,
									"prefix": null,
									"isExpanded": false,
									"type": "image",
									"mime": "image/jpg",
									"attributes": [
										{
											"type": "label",
											"name": "originalFileName",
											"value": "image.jpg",
											"isInheritable": false,
											"position": 1000
										},
										{
											"type": "label",
											"name": "imageUrl",
											"value": "https://cdn.nlark.com/yuque/0/2022/jpeg/29621010/1660706509037-7939a16f-ebb5-4fc4-af03-66034ca3a719.jpeg",
											"isInheritable": false,
											"position": 1000
										}
									],
									"dataFileName": "5_image.jpg"
								},
								{
									"isClone": false,
									"noteId": "IQaPL8HD6aCj",
									"notePath": [
										"QsiEAu2imDM3",
										"G7ryaP5ewfFE",
										"PP1A9esKIGKi",
										"IQaPL8HD6aCj"
									],
									"title": "image.jpg",
									"notePosition": 70,
									"prefix": null,
									"isExpanded": false,
									"type": "image",
									"mime": "image/jpg",
									"attributes": [
										{
											"type": "label",
											"name": "originalFileName",
											"value": "image.jpg",
											"isInheritable": false,
											"position": 1000
										},
										{
											"type": "label",
											"name": "imageUrl",
											"value": "https://cdn.nlark.com/yuque/0/2022/jpeg/29621010/1660706510796-d513143e-8ba8-4936-87af-96a35046a809.jpeg",
											"isInheritable": false,
											"position": 1000
										}
									],
									"dataFileName": "6_image.jpg"
								},
								{
									"isClone": false,
									"noteId": "cJzo8OtzXdu9",
									"notePath": [
										"QsiEAu2imDM3",
										"G7ryaP5ewfFE",
										"PP1A9esKIGKi",
										"cJzo8OtzXdu9"
									],
									"title": "image.jpg",
									"notePosition": 80,
									"prefix": null,
									"isExpanded": false,
									"type": "image",
									"mime": "image/jpg",
									"attributes": [
										{
											"type": "label",
											"name": "originalFileName",
											"value": "image.jpg",
											"isInheritable": false,
											"position": 1000
										},
										{
											"type": "label",
											"name": "imageUrl",
											"value": "https://cdn.nlark.com/yuque/0/2022/jpeg/29621010/1660706510716-b17a9753-c617-4c26-a04f-ea2db03f36cf.jpeg",
											"isInheritable": false,
											"position": 1000
										}
									],
									"dataFileName": "7_image.jpg"
								},
								{
									"isClone": false,
									"noteId": "UZtVIJRcU3bN",
									"notePath": [
										"QsiEAu2imDM3",
										"G7ryaP5ewfFE",
										"PP1A9esKIGKi",
										"UZtVIJRcU3bN"
									],
									"title": "image.jpg",
									"notePosition": 90,
									"prefix": null,
									"isExpanded": false,
									"type": "image",
									"mime": "image/jpg",
									"attributes": [
										{
											"type": "label",
											"name": "originalFileName",
											"value": "image.jpg",
											"isInheritable": false,
											"position": 1000
										},
										{
											"type": "label",
											"name": "imageUrl",
											"value": "https://cdn.nlark.com/yuque/0/2022/jpeg/29621010/1660706510497-ae6a870e-b5f3-4899-94c6-f33049561a48.jpeg",
											"isInheritable": false,
											"position": 1000
										}
									],
									"dataFileName": "8_image.jpg"
								},
								{
									"isClone": false,
									"noteId": "JgHWbkrDaBiM",
									"notePath": [
										"QsiEAu2imDM3",
										"G7ryaP5ewfFE",
										"PP1A9esKIGKi",
										"JgHWbkrDaBiM"
									],
									"title": "image.jpg",
									"notePosition": 100,
									"prefix": null,
									"isExpanded": false,
									"type": "image",
									"mime": "image/jpg",
									"attributes": [
										{
											"type": "label",
											"name": "originalFileName",
											"value": "image.jpg",
											"isInheritable": false,
											"position": 1000
										},
										{
											"type": "label",
											"name": "imageUrl",
											"value": "https://cdn.nlark.com/yuque/0/2022/jpeg/29621010/1660706509409-fe386918-e930-4cc0-9731-3ffc7af0ab91.jpeg",
											"isInheritable": false,
											"position": 1000
										}
									],
									"dataFileName": "9_image.jpg"
								},
								{
									"isClone": false,
									"noteId": "gIQkqlnf5GTu",
									"notePath": [
										"QsiEAu2imDM3",
										"G7ryaP5ewfFE",
										"PP1A9esKIGKi",
										"gIQkqlnf5GTu"
									],
									"title": "image.jpg",
									"notePosition": 110,
									"prefix": null,
									"isExpanded": false,
									"type": "image",
									"mime": "image/jpg",
									"attributes": [
										{
											"type": "label",
											"name": "originalFileName",
											"value": "image.jpg",
											"isInheritable": false,
											"position": 1000
										},
										{
											"type": "label",
											"name": "imageUrl",
											"value": "https://cdn.nlark.com/yuque/0/2022/jpeg/29621010/1660706509402-b9a9fd34-3d9c-438e-902d-1df56c42bb5c.jpeg",
											"isInheritable": false,
											"position": 1000
										}
									],
									"dataFileName": "10_image.jpg"
								},
								{
									"isClone": false,
									"noteId": "5ouNi8zMXjdc",
									"notePath": [
										"QsiEAu2imDM3",
										"G7ryaP5ewfFE",
										"PP1A9esKIGKi",
										"5ouNi8zMXjdc"
									],
									"title": "image.jpg",
									"notePosition": 120,
									"prefix": null,
									"isExpanded": false,
									"type": "image",
									"mime": "image/jpg",
									"attributes": [
										{
											"type": "label",
											"name": "originalFileName",
											"value": "image.jpg",
											"isInheritable": false,
											"position": 1000
										},
										{
											"type": "label",
											"name": "imageUrl",
											"value": "https://cdn.nlark.com/yuque/0/2022/jpeg/29621010/1660706512258-cf1224f2-c086-4116-a10d-f5ce682c1d9c.jpeg",
											"isInheritable": false,
											"position": 1000
										}
									],
									"dataFileName": "11_image.jpg"
								},
								{
									"isClone": false,
									"noteId": "yjE45QalZENR",
									"notePath": [
										"QsiEAu2imDM3",
										"G7ryaP5ewfFE",
										"PP1A9esKIGKi",
										"yjE45QalZENR"
									],
									"title": "image.jpg",
									"notePosition": 130,
									"prefix": null,
									"isExpanded": false,
									"type": "image",
									"mime": "image/jpg",
									"attributes": [
										{
											"type": "label",
											"name": "originalFileName",
											"value": "image.jpg",
											"isInheritable": false,
											"position": 1000
										},
										{
											"type": "label",
											"name": "imageUrl",
											"value": "https://cdn.nlark.com/yuque/0/2022/jpeg/29621010/1660706513269-791d0ee8-0c5b-4b87-a137-26d68a661867.jpeg",
											"isInheritable": false,
											"position": 1000
										}
									],
									"dataFileName": "12_image.jpg"
								},
								{
									"isClone": false,
									"noteId": "iqePYsCC99mw",
									"notePath": [
										"QsiEAu2imDM3",
										"G7ryaP5ewfFE",
										"PP1A9esKIGKi",
										"iqePYsCC99mw"
									],
									"title": "image.jpg",
									"notePosition": 140,
									"prefix": null,
									"isExpanded": false,
									"type": "image",
									"mime": "image/jpg",
									"attributes": [
										{
											"type": "label",
											"name": "originalFileName",
											"value": "image.jpg",
											"isInheritable": false,
											"position": 1000
										},
										{
											"type": "label",
											"name": "imageUrl",
											"value": "https://cdn.nlark.com/yuque/0/2022/jpeg/29621010/1660706521997-5a0095ae-20c0-42a8-8640-33eaa05d74a7.jpeg",
											"isInheritable": false,
											"position": 1000
										}
									],
									"dataFileName": "13_image.jpg"
								},
								{
									"isClone": false,
									"noteId": "yKCvOsMukcRH",
									"notePath": [
										"QsiEAu2imDM3",
										"G7ryaP5ewfFE",
										"PP1A9esKIGKi",
										"yKCvOsMukcRH"
									],
									"title": "image.jpg",
									"notePosition": 150,
									"prefix": null,
									"isExpanded": false,
									"type": "image",
									"mime": "image/jpg",
									"attributes": [
										{
											"type": "label",
											"name": "originalFileName",
											"value": "image.jpg",
											"isInheritable": false,
											"position": 1000
										},
										{
											"type": "label",
											"name": "imageUrl",
											"value": "https://cdn.nlark.com/yuque/0/2022/png/29621010/1660706517734-7632715a-7b99-4426-9d27-0665dc91d84e.png",
											"isInheritable": false,
											"position": 1000
										}
									],
									"dataFileName": "14_image.jpg"
								},
								{
									"isClone": false,
									"noteId": "qzQEOzQohRrD",
									"notePath": [
										"QsiEAu2imDM3",
										"G7ryaP5ewfFE",
										"PP1A9esKIGKi",
										"qzQEOzQohRrD"
									],
									"title": "image.jpg",
									"notePosition": 160,
									"prefix": null,
									"isExpanded": false,
									"type": "image",
									"mime": "image/jpg",
									"attributes": [
										{
											"type": "label",
											"name": "originalFileName",
											"value": "image.jpg",
											"isInheritable": false,
											"position": 1000
										},
										{
											"type": "label",
											"name": "imageUrl",
											"value": "https://cdn.nlark.com/yuque/0/2022/jpeg/29621010/1660706511543-12d3470e-09de-4204-adbe-dd7593288deb.jpeg",
											"isInheritable": false,
											"position": 1000
										}
									],
									"dataFileName": "15_image.jpg"
								},
								{
									"isClone": false,
									"noteId": "aKyrTffnoer7",
									"notePath": [
										"QsiEAu2imDM3",
										"G7ryaP5ewfFE",
										"PP1A9esKIGKi",
										"aKyrTffnoer7"
									],
									"title": "image.jpg",
									"notePosition": 170,
									"prefix": null,
									"isExpanded": false,
									"type": "image",
									"mime": "image/jpg",
									"attributes": [
										{
											"type": "label",
											"name": "originalFileName",
											"value": "image.jpg",
											"isInheritable": false,
											"position": 1000
										},
										{
											"type": "label",
											"name": "imageUrl",
											"value": "https://cdn.nlark.com/yuque/0/2022/jpeg/29621010/1660706512867-38613e49-3371-40db-9fac-8ef7ce03fed8.jpeg",
											"isInheritable": false,
											"position": 1000
										}
									],
									"dataFileName": "16_image.jpg"
								},
								{
									"isClone": false,
									"noteId": "3OGFpFWaOZVj",
									"notePath": [
										"QsiEAu2imDM3",
										"G7ryaP5ewfFE",
										"PP1A9esKIGKi",
										"3OGFpFWaOZVj"
									],
									"title": "image.jpg",
									"notePosition": 180,
									"prefix": null,
									"isExpanded": false,
									"type": "image",
									"mime": "image/jpg",
									"attributes": [
										{
											"type": "label",
											"name": "originalFileName",
											"value": "image.jpg",
											"isInheritable": false,
											"position": 1000
										},
										{
											"type": "label",
											"name": "imageUrl",
											"value": "https://cdn.nlark.com/yuque/0/2022/jpeg/29621010/1660706512972-725f0647-a4e5-49df-bd90-6b71dafe96e4.jpeg",
											"isInheritable": false,
											"position": 1000
										}
									],
									"dataFileName": "17_image.jpg"
								},
								{
									"isClone": false,
									"noteId": "TCxJcENsKzwt",
									"notePath": [
										"QsiEAu2imDM3",
										"G7ryaP5ewfFE",
										"PP1A9esKIGKi",
										"TCxJcENsKzwt"
									],
									"title": "image.jpg",
									"notePosition": 190,
									"prefix": null,
									"isExpanded": false,
									"type": "image",
									"mime": "image/jpg",
									"attributes": [
										{
											"type": "label",
											"name": "originalFileName",
											"value": "image.jpg",
											"isInheritable": false,
											"position": 1000
										},
										{
											"type": "label",
											"name": "imageUrl",
											"value": "https://cdn.nlark.com/yuque/0/2022/jpeg/29621010/1660706511778-dda3fa82-d5f8-4b6d-9586-9ef81a21a54c.jpeg",
											"isInheritable": false,
											"position": 1000
										}
									],
									"dataFileName": "18_image.jpg"
								},
								{
									"isClone": false,
									"noteId": "QP2cfCAaIQIn",
									"notePath": [
										"QsiEAu2imDM3",
										"G7ryaP5ewfFE",
										"PP1A9esKIGKi",
										"QP2cfCAaIQIn"
									],
									"title": "image.jpg",
									"notePosition": 200,
									"prefix": null,
									"isExpanded": false,
									"type": "image",
									"mime": "image/jpg",
									"attributes": [
										{
											"type": "label",
											"name": "originalFileName",
											"value": "image.jpg",
											"isInheritable": false,
											"position": 1000
										},
										{
											"type": "label",
											"name": "imageUrl",
											"value": "https://cdn.nlark.com/yuque/0/2022/jpeg/29621010/1660706511790-b1233d4c-c893-457e-ac7c-571bb82e7eb2.jpeg",
											"isInheritable": false,
											"position": 1000
										}
									],
									"dataFileName": "19_image.jpg"
								},
								{
									"isClone": false,
									"noteId": "06tUI0CfImUZ",
									"notePath": [
										"QsiEAu2imDM3",
										"G7ryaP5ewfFE",
										"PP1A9esKIGKi",
										"06tUI0CfImUZ"
									],
									"title": "image.jpg",
									"notePosition": 210,
									"prefix": null,
									"isExpanded": false,
									"type": "image",
									"mime": "image/jpg",
									"attributes": [
										{
											"type": "label",
											"name": "originalFileName",
											"value": "image.jpg",
											"isInheritable": false,
											"position": 1000
										},
										{
											"type": "label",
											"name": "imageUrl",
											"value": "https://cdn.nlark.com/yuque/0/2022/jpeg/29621010/1660706513596-e34b5ef0-d412-40c3-8034-0ed8298deb6c.jpeg",
											"isInheritable": false,
											"position": 1000
										}
									],
									"dataFileName": "20_image.jpg"
								},
								{
									"isClone": false,
									"noteId": "FQ9AvoKMdaIV",
									"notePath": [
										"QsiEAu2imDM3",
										"G7ryaP5ewfFE",
										"PP1A9esKIGKi",
										"FQ9AvoKMdaIV"
									],
									"title": "image.jpg",
									"notePosition": 220,
									"prefix": null,
									"isExpanded": false,
									"type": "image",
									"mime": "image/jpg",
									"attributes": [
										{
											"type": "label",
											"name": "originalFileName",
											"value": "image.jpg",
											"isInheritable": false,
											"position": 1000
										},
										{
											"type": "label",
											"name": "imageUrl",
											"value": "https://cdn.nlark.com/yuque/0/2022/png/29621010/1660706517147-9c2ba80e-4ed2-4623-95d3-72f4ff107025.png",
											"isInheritable": false,
											"position": 1000
										}
									],
									"dataFileName": "21_image.jpg"
								},
								{
									"isClone": false,
									"noteId": "hGtdGrJBPM6V",
									"notePath": [
										"QsiEAu2imDM3",
										"G7ryaP5ewfFE",
										"PP1A9esKIGKi",
										"hGtdGrJBPM6V"
									],
									"title": "image.jpg",
									"notePosition": 230,
									"prefix": null,
									"isExpanded": false,
									"type": "image",
									"mime": "image/jpg",
									"attributes": [
										{
											"type": "label",
											"name": "originalFileName",
											"value": "image.jpg",
											"isInheritable": false,
											"position": 1000
										},
										{
											"type": "label",
											"name": "imageUrl",
											"value": "https://cdn.nlark.com/yuque/0/2022/jpeg/29621010/1660706512987-f8f00913-e38a-4040-a2b4-8fd4a7a5710a.jpeg",
											"isInheritable": false,
											"position": 1000
										}
									],
									"dataFileName": "22_image.jpg"
								},
								{
									"isClone": false,
									"noteId": "gYLYP5ZSuJWF",
									"notePath": [
										"QsiEAu2imDM3",
										"G7ryaP5ewfFE",
										"PP1A9esKIGKi",
										"gYLYP5ZSuJWF"
									],
									"title": "image.jpg",
									"notePosition": 240,
									"prefix": null,
									"isExpanded": false,
									"type": "image",
									"mime": "image/jpg",
									"attributes": [
										{
											"type": "label",
											"name": "originalFileName",
											"value": "image.jpg",
											"isInheritable": false,
											"position": 1000
										},
										{
											"type": "label",
											"name": "imageUrl",
											"value": "https://cdn.nlark.com/yuque/0/2022/jpeg/29621010/1660706514389-4a500700-7760-46c1-90be-018f4cb74326.jpeg",
											"isInheritable": false,
											"position": 1000
										}
									],
									"dataFileName": "23_image.jpg"
								},
								{
									"isClone": false,
									"noteId": "DjPfiDB4jio4",
									"notePath": [
										"QsiEAu2imDM3",
										"G7ryaP5ewfFE",
										"PP1A9esKIGKi",
										"DjPfiDB4jio4"
									],
									"title": "image.jpg",
									"notePosition": 250,
									"prefix": null,
									"isExpanded": false,
									"type": "image",
									"mime": "image/jpg",
									"attributes": [
										{
											"type": "label",
											"name": "originalFileName",
											"value": "image.jpg",
											"isInheritable": false,
											"position": 1000
										},
										{
											"type": "label",
											"name": "imageUrl",
											"value": "https://cdn.nlark.com/yuque/0/2022/jpeg/29621010/1660706515055-1205e571-dd22-42ce-b397-4cb4e8efc228.jpeg",
											"isInheritable": false,
											"position": 1000
										}
									],
									"dataFileName": "24_image.jpg"
								},
								{
									"isClone": false,
									"noteId": "ad42cATaqfDU",
									"notePath": [
										"QsiEAu2imDM3",
										"G7ryaP5ewfFE",
										"PP1A9esKIGKi",
										"ad42cATaqfDU"
									],
									"title": "image.jpg",
									"notePosition": 260,
									"prefix": null,
									"isExpanded": false,
									"type": "image",
									"mime": "image/jpg",
									"attributes": [
										{
											"type": "label",
											"name": "originalFileName",
											"value": "image.jpg",
											"isInheritable": false,
											"position": 1000
										},
										{
											"type": "label",
											"name": "imageUrl",
											"value": "https://cdn.nlark.com/yuque/0/2022/png/29621010/1660706518612-37f41ca6-8b57-440b-bf4a-1779ff468190.png",
											"isInheritable": false,
											"position": 1000
										}
									],
									"dataFileName": "25_image.jpg"
								},
								{
									"isClone": false,
									"noteId": "MOhGqS2W504h",
									"notePath": [
										"QsiEAu2imDM3",
										"G7ryaP5ewfFE",
										"PP1A9esKIGKi",
										"MOhGqS2W504h"
									],
									"title": "image.jpg",
									"notePosition": 270,
									"prefix": null,
									"isExpanded": false,
									"type": "image",
									"mime": "image/jpg",
									"attributes": [
										{
											"type": "label",
											"name": "originalFileName",
											"value": "image.jpg",
											"isInheritable": false,
											"position": 1000
										},
										{
											"type": "label",
											"name": "imageUrl",
											"value": "https://cdn.nlark.com/yuque/0/2022/jpeg/29621010/1660706519102-483a6ed6-9f37-4e95-9b4e-b4987ed55ad9.jpeg",
											"isInheritable": false,
											"position": 1000
										}
									],
									"dataFileName": "26_image.jpg"
								},
								{
									"isClone": false,
									"noteId": "g9ty2R75eNR3",
									"notePath": [
										"QsiEAu2imDM3",
										"G7ryaP5ewfFE",
										"PP1A9esKIGKi",
										"g9ty2R75eNR3"
									],
									"title": "image.jpg",
									"notePosition": 280,
									"prefix": null,
									"isExpanded": false,
									"type": "image",
									"mime": "image/jpg",
									"attributes": [
										{
											"type": "label",
											"name": "originalFileName",
											"value": "image.jpg",
											"isInheritable": false,
											"position": 1000
										},
										{
											"type": "label",
											"name": "imageUrl",
											"value": "https://cdn.nlark.com/yuque/0/2022/jpeg/29621010/1660706515609-c8f2873f-ba44-408e-a221-1b4e513ab231.jpeg",
											"isInheritable": false,
											"position": 1000
										}
									],
									"dataFileName": "27_image.jpg"
								},
								{
									"isClone": false,
									"noteId": "N5nUlyWz3v9k",
									"notePath": [
										"QsiEAu2imDM3",
										"G7ryaP5ewfFE",
										"PP1A9esKIGKi",
										"N5nUlyWz3v9k"
									],
									"title": "image.jpg",
									"notePosition": 290,
									"prefix": null,
									"isExpanded": false,
									"type": "image",
									"mime": "image/jpg",
									"attributes": [
										{
											"type": "label",
											"name": "originalFileName",
											"value": "image.jpg",
											"isInheritable": false,
											"position": 1000
										},
										{
											"type": "label",
											"name": "imageUrl",
											"value": "https://cdn.nlark.com/yuque/0/2022/jpeg/29621010/1660706519463-3dc1d6b5-14cd-4fc0-a2bc-eb31ecd47864.jpeg",
											"isInheritable": false,
											"position": 1000
										}
									],
									"dataFileName": "28_image.jpg"
								},
								{
									"isClone": false,
									"noteId": "ETNOD7fGz6dY",
									"notePath": [
										"QsiEAu2imDM3",
										"G7ryaP5ewfFE",
										"PP1A9esKIGKi",
										"ETNOD7fGz6dY"
									],
									"title": "image.jpg",
									"notePosition": 300,
									"prefix": null,
									"isExpanded": false,
									"type": "image",
									"mime": "image/jpg",
									"attributes": [
										{
											"type": "label",
											"name": "originalFileName",
											"value": "image.jpg",
											"isInheritable": false,
											"position": 1000
										},
										{
											"type": "label",
											"name": "imageUrl",
											"value": "https://cdn.nlark.com/yuque/0/2022/jpeg/29621010/1660706514735-28b20ea7-d080-45dd-8efd-a2856704911b.jpeg",
											"isInheritable": false,
											"position": 1000
										}
									],
									"dataFileName": "29_image.jpg"
								},
								{
									"isClone": false,
									"noteId": "4jMAWX25xXII",
									"notePath": [
										"QsiEAu2imDM3",
										"G7ryaP5ewfFE",
										"PP1A9esKIGKi",
										"4jMAWX25xXII"
									],
									"title": "image.jpg",
									"notePosition": 310,
									"prefix": null,
									"isExpanded": false,
									"type": "image",
									"mime": "image/jpg",
									"attributes": [
										{
											"type": "label",
											"name": "originalFileName",
											"value": "image.jpg",
											"isInheritable": false,
											"position": 1000
										},
										{
											"type": "label",
											"name": "imageUrl",
											"value": "https://cdn.nlark.com/yuque/0/2022/jpeg/29621010/1660706515121-88a78b25-ad18-4b3a-9222-a42c16285e10.jpeg",
											"isInheritable": false,
											"position": 1000
										}
									],
									"dataFileName": "30_image.jpg"
								},
								{
									"isClone": false,
									"noteId": "0iiF8qfRhPY9",
									"notePath": [
										"QsiEAu2imDM3",
										"G7ryaP5ewfFE",
										"PP1A9esKIGKi",
										"0iiF8qfRhPY9"
									],
									"title": "image.jpg",
									"notePosition": 320,
									"prefix": null,
									"isExpanded": false,
									"type": "image",
									"mime": "image/jpg",
									"attributes": [
										{
											"type": "label",
											"name": "originalFileName",
											"value": "image.jpg",
											"isInheritable": false,
											"position": 1000
										},
										{
											"type": "label",
											"name": "imageUrl",
											"value": "https://cdn.nlark.com/yuque/0/2022/png/29621010/1660706518643-1f9548dc-35e1-420b-b1a2-c80491b5c068.png",
											"isInheritable": false,
											"position": 1000
										}
									],
									"dataFileName": "31_image.jpg"
								},
								{
									"isClone": false,
									"noteId": "dQVP8Fz79M73",
									"notePath": [
										"QsiEAu2imDM3",
										"G7ryaP5ewfFE",
										"PP1A9esKIGKi",
										"dQVP8Fz79M73"
									],
									"title": "image.jpg",
									"notePosition": 330,
									"prefix": null,
									"isExpanded": false,
									"type": "image",
									"mime": "image/jpg",
									"attributes": [
										{
											"type": "label",
											"name": "originalFileName",
											"value": "image.jpg",
											"isInheritable": false,
											"position": 1000
										},
										{
											"type": "label",
											"name": "imageUrl",
											"value": "https://cdn.nlark.com/yuque/0/2022/jpeg/29621010/1660706520895-d816e582-1e8d-4235-b227-2007e89d255a.jpeg",
											"isInheritable": false,
											"position": 1000
										}
									],
									"dataFileName": "32_image.jpg"
								},
								{
									"isClone": false,
									"noteId": "9cbyZrdjNDLI",
									"notePath": [
										"QsiEAu2imDM3",
										"G7ryaP5ewfFE",
										"PP1A9esKIGKi",
										"9cbyZrdjNDLI"
									],
									"title": "image.jpg",
									"notePosition": 340,
									"prefix": null,
									"isExpanded": false,
									"type": "image",
									"mime": "image/jpg",
									"attributes": [
										{
											"type": "label",
											"name": "originalFileName",
											"value": "image.jpg",
											"isInheritable": false,
											"position": 1000
										},
										{
											"type": "label",
											"name": "imageUrl",
											"value": "https://cdn.nlark.com/yuque/0/2022/jpeg/29621010/1660706523576-5d71fd2f-ce90-41d2-b915-a42f194c126f.jpeg",
											"isInheritable": false,
											"position": 1000
										}
									],
									"dataFileName": "33_image.jpg"
								},
								{
									"isClone": false,
									"noteId": "LOaaD9CcCFNG",
									"notePath": [
										"QsiEAu2imDM3",
										"G7ryaP5ewfFE",
										"PP1A9esKIGKi",
										"LOaaD9CcCFNG"
									],
									"title": "image.jpg",
									"notePosition": 350,
									"prefix": null,
									"isExpanded": false,
									"type": "image",
									"mime": "image/jpg",
									"attributes": [
										{
											"type": "label",
											"name": "originalFileName",
											"value": "image.jpg",
											"isInheritable": false,
											"position": 1000
										},
										{
											"type": "label",
											"name": "imageUrl",
											"value": "https://cdn.nlark.com/yuque/0/2022/jpeg/29621010/1660706521608-d09a99a5-160a-4be3-9dee-ee5ac0d31e86.jpeg",
											"isInheritable": false,
											"position": 1000
										}
									],
									"dataFileName": "34_image.jpg"
								},
								{
									"isClone": false,
									"noteId": "lCLdoKLT9tVr",
									"notePath": [
										"QsiEAu2imDM3",
										"G7ryaP5ewfFE",
										"PP1A9esKIGKi",
										"lCLdoKLT9tVr"
									],
									"title": "image.jpg",
									"notePosition": 360,
									"prefix": null,
									"isExpanded": false,
									"type": "image",
									"mime": "image/jpg",
									"attributes": [
										{
											"type": "label",
											"name": "originalFileName",
											"value": "image.jpg",
											"isInheritable": false,
											"position": 1000
										},
										{
											"type": "label",
											"name": "imageUrl",
											"value": "https://cdn.nlark.com/yuque/0/2022/jpeg/29621010/1660706522334-f856ab7c-0b27-4f48-95a1-4cac7a5510fb.jpeg",
											"isInheritable": false,
											"position": 1000
										}
									],
									"dataFileName": "35_image.jpg"
								},
								{
									"isClone": false,
									"noteId": "KXpc0eGvC48X",
									"notePath": [
										"QsiEAu2imDM3",
										"G7ryaP5ewfFE",
										"PP1A9esKIGKi",
										"KXpc0eGvC48X"
									],
									"title": "image.jpg",
									"notePosition": 370,
									"prefix": null,
									"isExpanded": false,
									"type": "image",
									"mime": "image/jpg",
									"attributes": [
										{
											"type": "label",
											"name": "originalFileName",
											"value": "image.jpg",
											"isInheritable": false,
											"position": 1000
										},
										{
											"type": "label",
											"name": "imageUrl",
											"value": "https://cdn.nlark.com/yuque/0/2022/jpeg/29621010/1660706519993-2acde95e-17af-4a71-9882-2ed9128bbf4c.jpeg",
											"isInheritable": false,
											"position": 1000
										}
									],
									"dataFileName": "36_image.jpg"
								},
								{
									"isClone": false,
									"noteId": "Ew0ZhGK4Ia9g",
									"notePath": [
										"QsiEAu2imDM3",
										"G7ryaP5ewfFE",
										"PP1A9esKIGKi",
										"Ew0ZhGK4Ia9g"
									],
									"title": "image.jpg",
									"notePosition": 380,
									"prefix": null,
									"isExpanded": false,
									"type": "image",
									"mime": "image/jpg",
									"attributes": [
										{
											"type": "label",
											"name": "originalFileName",
											"value": "image.jpg",
											"isInheritable": false,
											"position": 1000
										},
										{
											"type": "label",
											"name": "imageUrl",
											"value": "https://cdn.nlark.com/yuque/0/2022/jpeg/29621010/1660706523908-95968b8b-513f-4981-95f9-b392ef754cbb.jpeg",
											"isInheritable": false,
											"position": 1000
										}
									],
									"dataFileName": "37_image.jpg"
								},
								{
									"isClone": false,
									"noteId": "OL108t51y4uO",
									"notePath": [
										"QsiEAu2imDM3",
										"G7ryaP5ewfFE",
										"PP1A9esKIGKi",
										"OL108t51y4uO"
									],
									"title": "image.png",
									"notePosition": 390,
									"prefix": null,
									"isExpanded": false,
									"type": "image",
									"mime": "image/png",
									"attributes": [
										{
											"type": "label",
											"name": "originalFileName",
											"value": "image.png",
											"isInheritable": false,
											"position": 1000
										},
										{
											"type": "label",
											"name": "imageUrl",
											"value": "https://cdn.nlark.com/yuque/0/2022/png/29621010/1662299196585-01835cf9-f4f5-4fda-94e6-66ff15777876.png",
											"isInheritable": false,
											"position": 1000
										}
									],
									"dataFileName": "image.png"
								},
								{
									"isClone": false,
									"noteId": "EXJNS7gd2Xvs",
									"notePath": [
										"QsiEAu2imDM3",
										"G7ryaP5ewfFE",
										"PP1A9esKIGKi",
										"EXJNS7gd2Xvs"
									],
									"title": "image.jpg",
									"notePosition": 400,
									"prefix": null,
									"isExpanded": false,
									"type": "image",
									"mime": "image/jpg",
									"attributes": [
										{
											"type": "label",
											"name": "originalFileName",
											"value": "image.jpg",
											"isInheritable": false,
											"position": 1000
										},
										{
											"type": "label",
											"name": "imageUrl",
											"value": "https://cdn.nlark.com/yuque/0/2022/jpeg/29621010/1660706521204-fdece9c9-ed59-4189-9d8e-d3919583ce91.jpeg",
											"isInheritable": false,
											"position": 1000
										}
									],
									"dataFileName": "38_image.jpg"
								},
								{
									"isClone": false,
									"noteId": "8FTToz0mSmdx",
									"notePath": [
										"QsiEAu2imDM3",
										"G7ryaP5ewfFE",
										"PP1A9esKIGKi",
										"8FTToz0mSmdx"
									],
									"title": "image.jpg",
									"notePosition": 410,
									"prefix": null,
									"isExpanded": false,
									"type": "image",
									"mime": "image/jpg",
									"attributes": [
										{
											"type": "label",
											"name": "originalFileName",
											"value": "image.jpg",
											"isInheritable": false,
											"position": 1000
										},
										{
											"type": "label",
											"name": "imageUrl",
											"value": "https://cdn.nlark.com/yuque/0/2022/png/29621010/1660706525198-0a77e5ab-e400-4d27-87ac-aa8d21539c93.png",
											"isInheritable": false,
											"position": 1000
										}
									],
									"dataFileName": "39_image.jpg"
								},
								{
									"isClone": false,
									"noteId": "EZuzGwpVw76o",
									"notePath": [
										"QsiEAu2imDM3",
										"G7ryaP5ewfFE",
										"PP1A9esKIGKi",
										"EZuzGwpVw76o"
									],
									"title": "image.jpg",
									"notePosition": 420,
									"prefix": null,
									"isExpanded": false,
									"type": "image",
									"mime": "image/jpg",
									"attributes": [
										{
											"type": "label",
											"name": "originalFileName",
											"value": "image.jpg",
											"isInheritable": false,
											"position": 1000
										},
										{
											"type": "label",
											"name": "imageUrl",
											"value": "https://cdn.nlark.com/yuque/0/2022/png/29621010/1660706524262-87d1650e-2d2e-4ea7-9e88-ee1bd3813c48.png",
											"isInheritable": false,
											"position": 1000
										}
									],
									"dataFileName": "40_image.jpg"
								},
								{
									"isClone": false,
									"noteId": "zKO0LKZOIznI",
									"notePath": [
										"QsiEAu2imDM3",
										"G7ryaP5ewfFE",
										"PP1A9esKIGKi",
										"zKO0LKZOIznI"
									],
									"title": "image.jpg",
									"notePosition": 430,
									"prefix": null,
									"isExpanded": false,
									"type": "image",
									"mime": "image/jpg",
									"attributes": [
										{
											"type": "label",
											"name": "originalFileName",
											"value": "image.jpg",
											"isInheritable": false,
											"position": 1000
										},
										{
											"type": "label",
											"name": "imageUrl",
											"value": "https://cdn.nlark.com/yuque/0/2022/jpeg/29621010/1660706526416-f3b41e15-dfde-4d5b-8701-4b340a77fc3b.jpeg",
											"isInheritable": false,
											"position": 1000
										}
									],
									"dataFileName": "41_image.jpg"
								},
								{
									"isClone": false,
									"noteId": "zd10f2GdZAac",
									"notePath": [
										"QsiEAu2imDM3",
										"G7ryaP5ewfFE",
										"PP1A9esKIGKi",
										"zd10f2GdZAac"
									],
									"title": "image.jpg",
									"notePosition": 440,
									"prefix": null,
									"isExpanded": false,
									"type": "image",
									"mime": "image/jpg",
									"attributes": [
										{
											"type": "label",
											"name": "originalFileName",
											"value": "image.jpg",
											"isInheritable": false,
											"position": 1000
										},
										{
											"type": "label",
											"name": "imageUrl",
											"value": "https://cdn.nlark.com/yuque/0/2022/jpeg/29621010/1660706525347-0b66d065-d716-4c40-b832-c09d3dad2880.jpeg",
											"isInheritable": false,
											"position": 1000
										}
									],
									"dataFileName": "42_image.jpg"
								},
								{
									"isClone": false,
									"noteId": "OqYOVUaciQ91",
									"notePath": [
										"QsiEAu2imDM3",
										"G7ryaP5ewfFE",
										"PP1A9esKIGKi",
										"OqYOVUaciQ91"
									],
									"title": "image.jpg",
									"notePosition": 450,
									"prefix": null,
									"isExpanded": false,
									"type": "image",
									"mime": "image/jpg",
									"attributes": [
										{
											"type": "label",
											"name": "originalFileName",
											"value": "image.jpg",
											"isInheritable": false,
											"position": 1000
										},
										{
											"type": "label",
											"name": "imageUrl",
											"value": "https://cdn.nlark.com/yuque/0/2022/jpeg/29621010/1660706523781-91044263-9533-4fd4-9249-119c6ebbc4ee.jpeg",
											"isInheritable": false,
											"position": 1000
										}
									],
									"dataFileName": "43_image.jpg"
								},
								{
									"isClone": false,
									"noteId": "KTWtSNEZnPVw",
									"notePath": [
										"QsiEAu2imDM3",
										"G7ryaP5ewfFE",
										"PP1A9esKIGKi",
										"KTWtSNEZnPVw"
									],
									"title": "image.jpg",
									"notePosition": 460,
									"prefix": null,
									"isExpanded": false,
									"type": "image",
									"mime": "image/jpg",
									"attributes": [
										{
											"type": "label",
											"name": "originalFileName",
											"value": "image.jpg",
											"isInheritable": false,
											"position": 1000
										},
										{
											"type": "label",
											"name": "imageUrl",
											"value": "https://cdn.nlark.com/yuque/0/2022/jpeg/29621010/1660706519148-553907c9-de43-4351-b5ae-edc675f2c71d.jpeg",
											"isInheritable": false,
											"position": 1000
										}
									],
									"dataFileName": "44_image.jpg"
								},
								{
									"isClone": false,
									"noteId": "aCKHoFzzaZ4G",
									"notePath": [
										"QsiEAu2imDM3",
										"G7ryaP5ewfFE",
										"PP1A9esKIGKi",
										"aCKHoFzzaZ4G"
									],
									"title": "image.jpg",
									"notePosition": 470,
									"prefix": null,
									"isExpanded": false,
									"type": "image",
									"mime": "image/jpg",
									"attributes": [
										{
											"type": "label",
											"name": "originalFileName",
											"value": "image.jpg",
											"isInheritable": false,
											"position": 1000
										},
										{
											"type": "label",
											"name": "imageUrl",
											"value": "https://cdn.nlark.com/yuque/0/2022/jpeg/29621010/1660706523291-f70c1ac8-a60a-467b-aaf0-d8d1ab72e274.jpeg",
											"isInheritable": false,
											"position": 1000
										}
									],
									"dataFileName": "45_image.jpg"
								},
								{
									"isClone": false,
									"noteId": "zKocxCgQLrIZ",
									"notePath": [
										"QsiEAu2imDM3",
										"G7ryaP5ewfFE",
										"PP1A9esKIGKi",
										"zKocxCgQLrIZ"
									],
									"title": "image.jpg",
									"notePosition": 480,
									"prefix": null,
									"isExpanded": false,
									"type": "image",
									"mime": "image/jpg",
									"attributes": [
										{
											"type": "label",
											"name": "originalFileName",
											"value": "image.jpg",
											"isInheritable": false,
											"position": 1000
										},
										{
											"type": "label",
											"name": "imageUrl",
											"value": "https://cdn.nlark.com/yuque/0/2022/png/29621010/1660706526414-a2a97b97-2d43-409f-853f-f7e978c15b59.png",
											"isInheritable": false,
											"position": 1000
										}
									],
									"dataFileName": "46_image.jpg"
								},
								{
									"isClone": false,
									"noteId": "4deYhRINIyi1",
									"notePath": [
										"QsiEAu2imDM3",
										"G7ryaP5ewfFE",
										"PP1A9esKIGKi",
										"4deYhRINIyi1"
									],
									"title": "image.jpg",
									"notePosition": 490,
									"prefix": null,
									"isExpanded": false,
									"type": "image",
									"mime": "image/jpg",
									"attributes": [
										{
											"type": "label",
											"name": "originalFileName",
											"value": "image.jpg",
											"isInheritable": false,
											"position": 1000
										},
										{
											"type": "label",
											"name": "imageUrl",
											"value": "https://cdn.nlark.com/yuque/0/2022/jpeg/29621010/1660706518912-57e9dbc8-0140-4728-a678-638b00ccbcfd.jpeg",
											"isInheritable": false,
											"position": 1000
										}
									],
									"dataFileName": "47_image.jpg"
								},
								{
									"isClone": false,
									"noteId": "TA5SvIBxdWXn",
									"notePath": [
										"QsiEAu2imDM3",
										"G7ryaP5ewfFE",
										"PP1A9esKIGKi",
										"TA5SvIBxdWXn"
									],
									"title": "image.jpg",
									"notePosition": 500,
									"prefix": null,
									"isExpanded": false,
									"type": "image",
									"mime": "image/jpg",
									"attributes": [
										{
											"type": "label",
											"name": "originalFileName",
											"value": "image.jpg",
											"isInheritable": false,
											"position": 1000
										},
										{
											"type": "label",
											"name": "imageUrl",
											"value": "https://cdn.nlark.com/yuque/0/2022/jpeg/29621010/1660706525787-90d4b718-0579-4f77-b657-898b1d50e9d9.jpeg",
											"isInheritable": false,
											"position": 1000
										}
									],
									"dataFileName": "48_image.jpg"
								},
								{
									"isClone": false,
									"noteId": "9DU1XCoTasIy",
									"notePath": [
										"QsiEAu2imDM3",
										"G7ryaP5ewfFE",
										"PP1A9esKIGKi",
										"9DU1XCoTasIy"
									],
									"title": "image.jpg",
									"notePosition": 510,
									"prefix": null,
									"isExpanded": false,
									"type": "image",
									"mime": "image/jpg",
									"attributes": [
										{
											"type": "label",
											"name": "originalFileName",
											"value": "image.jpg",
											"isInheritable": false,
											"position": 1000
										},
										{
											"type": "label",
											"name": "imageUrl",
											"value": "https://cdn.nlark.com/yuque/0/2022/jpeg/29621010/1660706525510-7eec4da0-c431-4968-a60c-35e8594225d1.jpeg",
											"isInheritable": false,
											"position": 1000
										}
									],
									"dataFileName": "49_image.jpg"
								}
							]
						}
					]
				},
				{
					"isClone": false,
					"noteId": "LmnnFcPrwBxt",
					"notePath": [
						"QsiEAu2imDM3",
						"LmnnFcPrwBxt"
					],
					"title": "css",
					"notePosition": 90,
					"prefix": null,
					"isExpanded": false,
					"type": "text",
					"mime": "text/html",
					"attributes": [],
					"format": "html",
					"dirFileName": "css",
					"children": [
						{
							"isClone": false,
							"noteId": "mlaMIa8wvus4",
							"notePath": [
								"QsiEAu2imDM3",
								"LmnnFcPrwBxt",
								"mlaMIa8wvus4"
							],
							"title": "css文档流、浮动",
							"notePosition": 0,
							"prefix": null,
							"isExpanded": false,
							"type": "text",
							"mime": "text/html",
							"attributes": [],
							"format": "html",
							"dataFileName": "css文档流、浮动.html"
						},
						{
							"isClone": false,
							"noteId": "34yieemAK2Sd",
							"notePath": [
								"QsiEAu2imDM3",
								"LmnnFcPrwBxt",
								"34yieemAK2Sd"
							],
							"title": "html的meta标签组成",
							"notePosition": 10,
							"prefix": null,
							"isExpanded": false,
							"type": "text",
							"mime": "text/html",
							"attributes": [],
							"format": "html",
							"dataFileName": "html的meta标签组成.html"
						}
					]
				},
				{
					"isClone": false,
					"noteId": "JZV6gzt1cZku",
					"notePath": [
						"QsiEAu2imDM3",
						"JZV6gzt1cZku"
					],
					"title": "js",
					"notePosition": 100,
					"prefix": null,
					"isExpanded": false,
					"type": "text",
					"mime": "text/html",
					"attributes": [],
					"format": "html",
					"dirFileName": "js",
					"children": [
						{
							"isClone": false,
							"noteId": "xN6PAs8641tu",
							"notePath": [
								"QsiEAu2imDM3",
								"JZV6gzt1cZku",
								"xN6PAs8641tu"
							],
							"title": "base64加密和解密",
							"notePosition": 0,
							"prefix": null,
							"isExpanded": false,
							"type": "text",
							"mime": "text/html",
							"attributes": [
								{
									"type": "relation",
									"name": "imageLink",
									"value": "8nwgH9OPxb4b",
									"isInheritable": false,
									"position": 1
								}
							],
							"format": "html",
							"dataFileName": "base64加密和解密.html",
							"dirFileName": "base64加密和解密",
							"children": [
								{
									"isClone": false,
									"noteId": "8nwgH9OPxb4b",
									"notePath": [
										"QsiEAu2imDM3",
										"JZV6gzt1cZku",
										"xN6PAs8641tu",
										"8nwgH9OPxb4b"
									],
									"title": "20210927172910.png",
									"notePosition": 10,
									"prefix": null,
									"isExpanded": false,
									"type": "image",
									"mime": "image/jpg",
									"attributes": [
										{
											"type": "label",
											"name": "originalFileName",
											"value": "20210927172910.png",
											"isInheritable": false,
											"position": 1000
										},
										{
											"type": "label",
											"name": "imageUrl",
											"value": "https://aplot249.github.io/2021/09/27/base64%E7%9A%84%E5%8A%A0%E5%AF%86%E5%92%8C%E8%A7%A3%E5%AF%86%E8%BF%87%E7%A8%8B/20210927172910.png",
											"isInheritable": false,
											"position": 1000
										}
									],
									"dataFileName": "20210927172910.png"
								}
							]
						},
						{
							"isClone": false,
							"noteId": "GJTra5fvKkGr",
							"notePath": [
								"QsiEAu2imDM3",
								"JZV6gzt1cZku",
								"GJTra5fvKkGr"
							],
							"title": "vue",
							"notePosition": 10,
							"prefix": null,
							"isExpanded": false,
							"type": "text",
							"mime": "text/html",
							"attributes": [],
							"format": "html",
							"dataFileName": "vue.html"
						}
					]
				},
				{
					"isClone": false,
					"noteId": "SBi1lPDSKwDU",
					"notePath": [
						"QsiEAu2imDM3",
						"SBi1lPDSKwDU"
					],
					"title": "new note",
					"notePosition": 110,
					"prefix": null,
					"isExpanded": false,
					"type": "text",
					"mime": "text/html",
					"attributes": [],
					"format": "html",
					"dataFileName": "new note.html"
				},
				{
					"isClone": false,
					"noteId": "dPotpK22WkcY",
					"notePath": [
						"QsiEAu2imDM3",
						"dPotpK22WkcY"
					],
					"title": "招聘Api开发过程中遇到的问题",
					"notePosition": 120,
					"prefix": null,
					"isExpanded": false,
					"type": "text",
					"mime": "text/html",
					"attributes": [],
					"format": "html",
					"dataFileName": "招聘Api开发过程中遇到的问题.html"
				},
				{
					"isClone": false,
					"noteId": "MVxlKU1ynV5m",
					"notePath": [
						"QsiEAu2imDM3",
						"MVxlKU1ynV5m"
					],
					"title": "计价学习",
					"notePosition": 130,
					"prefix": null,
					"isExpanded": true,
					"type": "text",
					"mime": "text/html",
					"attributes": [
						{
							"type": "relation",
							"name": "imageLink",
							"value": "wD5jcCSUAcPQ",
							"isInheritable": false,
							"position": 1
						},
						{
							"type": "relation",
							"name": "imageLink",
							"value": "9TsxgNiKe0jw",
							"isInheritable": false,
							"position": 2
						},
						{
							"type": "relation",
							"name": "imageLink",
							"value": "7ZV0lD6zatHb",
							"isInheritable": false,
							"position": 3
						},
						{
							"type": "relation",
							"name": "imageLink",
							"value": "mpa9JRFIkbNt",
							"isInheritable": false,
							"position": 4
						},
						{
							"type": "relation",
							"name": "imageLink",
							"value": "PMe8XQ5FAMBL",
							"isInheritable": false,
							"position": 5
						},
						{
							"type": "relation",
							"name": "imageLink",
							"value": "oDMtHXWxqH7f",
							"isInheritable": false,
							"position": 6
						},
						{
							"type": "relation",
							"name": "imageLink",
							"value": "pGOCndkyXmRv",
							"isInheritable": false,
							"position": 7
						},
						{
							"type": "relation",
							"name": "imageLink",
							"value": "c1UprgFwktaA",
							"isInheritable": false,
							"position": 8
						},
						{
							"type": "relation",
							"name": "imageLink",
							"value": "vgPnlgo1Aflp",
							"isInheritable": false,
							"position": 9
						},
						{
							"type": "relation",
							"name": "imageLink",
							"value": "MLnx6wUu5Xa8",
							"isInheritable": false,
							"position": 11
						},
						{
							"type": "relation",
							"name": "imageLink",
							"value": "NhmAcQXnBscZ",
							"isInheritable": false,
							"position": 498
						},
						{
							"type": "relation",
							"name": "imageLink",
							"value": "kU8T3SWdE6o5",
							"isInheritable": false,
							"position": 505
						},
						{
							"type": "relation",
							"name": "imageLink",
							"value": "gjsO3fTFpeq5",
							"isInheritable": false,
							"position": 508
						},
						{
							"type": "relation",
							"name": "imageLink",
							"value": "efKNLXOpYKso",
							"isInheritable": false,
							"position": 519
						},
						{
							"type": "relation",
							"name": "imageLink",
							"value": "FkTlb7NFxPrz",
							"isInheritable": false,
							"position": 520
						},
						{
							"type": "relation",
							"name": "imageLink",
							"value": "ArQwl1uUFoxC",
							"isInheritable": false,
							"position": 521
						},
						{
							"type": "relation",
							"name": "imageLink",
							"value": "UMhku6YPkHOQ",
							"isInheritable": false,
							"position": 522
						},
						{
							"type": "relation",
							"name": "imageLink",
							"value": "yucgwQ3FfAyC",
							"isInheritable": false,
							"position": 524
						},
						{
							"type": "relation",
							"name": "imageLink",
							"value": "wzqs3sJvGEf3",
							"isInheritable": false,
							"position": 526
						}
					],
					"format": "html",
					"dataFileName": "计价学习.html",
					"dirFileName": "计价学习",
					"children": [
						{
							"isClone": false,
							"noteId": "wD5jcCSUAcPQ",
							"notePath": [
								"QsiEAu2imDM3",
								"MVxlKU1ynV5m",
								"wD5jcCSUAcPQ"
							],
							"title": "image.png",
							"notePosition": 10,
							"prefix": null,
							"isExpanded": false,
							"type": "image",
							"mime": "image/jpg",
							"attributes": [
								{
									"type": "label",
									"name": "originalFileName",
									"value": "image.png",
									"isInheritable": false,
									"position": 1000
								}
							],
							"dataFileName": "image.png"
						},
						{
							"isClone": false,
							"noteId": "9TsxgNiKe0jw",
							"notePath": [
								"QsiEAu2imDM3",
								"MVxlKU1ynV5m",
								"9TsxgNiKe0jw"
							],
							"title": "image.png",
							"notePosition": 20,
							"prefix": null,
							"isExpanded": false,
							"type": "image",
							"mime": "image/png",
							"attributes": [
								{
									"type": "label",
									"name": "originalFileName",
									"value": "image.png",
									"isInheritable": false,
									"position": 1000
								}
							],
							"dataFileName": "1_image.png"
						},
						{
							"isClone": false,
							"noteId": "7ZV0lD6zatHb",
							"notePath": [
								"QsiEAu2imDM3",
								"MVxlKU1ynV5m",
								"7ZV0lD6zatHb"
							],
							"title": "image.png",
							"notePosition": 30,
							"prefix": null,
							"isExpanded": false,
							"type": "image",
							"mime": "image/png",
							"attributes": [
								{
									"type": "label",
									"name": "originalFileName",
									"value": "image.png",
									"isInheritable": false,
									"position": 1000
								}
							],
							"dataFileName": "2_image.png"
						},
						{
							"isClone": false,
							"noteId": "mpa9JRFIkbNt",
							"notePath": [
								"QsiEAu2imDM3",
								"MVxlKU1ynV5m",
								"mpa9JRFIkbNt"
							],
							"title": "image.png",
							"notePosition": 40,
							"prefix": null,
							"isExpanded": false,
							"type": "image",
							"mime": "image/png",
							"attributes": [
								{
									"type": "label",
									"name": "originalFileName",
									"value": "image.png",
									"isInheritable": false,
									"position": 1000
								}
							],
							"dataFileName": "3_image.png"
						},
						{
							"isClone": false,
							"noteId": "PMe8XQ5FAMBL",
							"notePath": [
								"QsiEAu2imDM3",
								"MVxlKU1ynV5m",
								"PMe8XQ5FAMBL"
							],
							"title": "image.png",
							"notePosition": 50,
							"prefix": null,
							"isExpanded": false,
							"type": "image",
							"mime": "image/png",
							"attributes": [
								{
									"type": "label",
									"name": "originalFileName",
									"value": "image.png",
									"isInheritable": false,
									"position": 1000
								}
							],
							"dataFileName": "4_image.png"
						},
						{
							"isClone": false,
							"noteId": "oDMtHXWxqH7f",
							"notePath": [
								"QsiEAu2imDM3",
								"MVxlKU1ynV5m",
								"oDMtHXWxqH7f"
							],
							"title": "image.png",
							"notePosition": 60,
							"prefix": null,
							"isExpanded": false,
							"type": "image",
							"mime": "image/png",
							"attributes": [
								{
									"type": "label",
									"name": "originalFileName",
									"value": "image.png",
									"isInheritable": false,
									"position": 1000
								}
							],
							"dataFileName": "5_image.png"
						},
						{
							"isClone": false,
							"noteId": "pGOCndkyXmRv",
							"notePath": [
								"QsiEAu2imDM3",
								"MVxlKU1ynV5m",
								"pGOCndkyXmRv"
							],
							"title": "image.png",
							"notePosition": 70,
							"prefix": null,
							"isExpanded": false,
							"type": "image",
							"mime": "image/jpg",
							"attributes": [
								{
									"type": "label",
									"name": "originalFileName",
									"value": "image.png",
									"isInheritable": false,
									"position": 1000
								}
							],
							"dataFileName": "6_image.png"
						},
						{
							"isClone": false,
							"noteId": "c1UprgFwktaA",
							"notePath": [
								"QsiEAu2imDM3",
								"MVxlKU1ynV5m",
								"c1UprgFwktaA"
							],
							"title": "image.png",
							"notePosition": 80,
							"prefix": null,
							"isExpanded": false,
							"type": "image",
							"mime": "image/jpg",
							"attributes": [
								{
									"type": "label",
									"name": "originalFileName",
									"value": "image.png",
									"isInheritable": false,
									"position": 1000
								}
							],
							"dataFileName": "7_image.png"
						},
						{
							"isClone": false,
							"noteId": "ArQwl1uUFoxC",
							"notePath": [
								"QsiEAu2imDM3",
								"MVxlKU1ynV5m",
								"ArQwl1uUFoxC"
							],
							"title": "image.png",
							"notePosition": 90,
							"prefix": null,
							"isExpanded": false,
							"type": "image",
							"mime": "image/png",
							"attributes": [
								{
									"type": "label",
									"name": "originalFileName",
									"value": "image.png",
									"isInheritable": false,
									"position": 1000
								},
								{
									"type": "label",
									"name": "imageUrl",
									"value": "https://pic3.zhimg.com/80/f471726fc772ae6c42c2ee35db72cbfb_720w.webp?source=1940ef5c",
									"isInheritable": false,
									"position": 1000
								}
							],
							"dataFileName": "8_image.png"
						},
						{
							"isClone": false,
							"noteId": "MLnx6wUu5Xa8",
							"notePath": [
								"QsiEAu2imDM3",
								"MVxlKU1ynV5m",
								"MLnx6wUu5Xa8"
							],
							"title": "image.png",
							"notePosition": 100,
							"prefix": null,
							"isExpanded": false,
							"type": "image",
							"mime": "image/png",
							"attributes": [
								{
									"type": "label",
									"name": "originalFileName",
									"value": "image.png",
									"isInheritable": false,
									"position": 1000
								},
								{
									"type": "label",
									"name": "imageUrl",
									"value": "https://pic3.zhimg.com/50/f471726fc772ae6c42c2ee35db72cbfb_720w.jpg?source=1940ef5c",
									"isInheritable": false,
									"position": 1000
								}
							],
							"dataFileName": "9_image.png"
						},
						{
							"isClone": false,
							"noteId": "vgPnlgo1Aflp",
							"notePath": [
								"QsiEAu2imDM3",
								"MVxlKU1ynV5m",
								"vgPnlgo1Aflp"
							],
							"title": "image.jpg",
							"notePosition": 110,
							"prefix": null,
							"isExpanded": false,
							"type": "image",
							"mime": "image/jpg",
							"attributes": [
								{
									"type": "label",
									"name": "originalFileName",
									"value": "image.jpg",
									"isInheritable": false,
									"position": 1000
								},
								{
									"type": "label",
									"name": "imageUrl",
									"value": "https://pica.zhimg.com/50/5f6cc2f749757aa21a7f49a740267bf1_720w.jpg?source=1940ef5c",
									"isInheritable": false,
									"position": 1000
								}
							],
							"dataFileName": "image.jpg"
						},
						{
							"isClone": false,
							"noteId": "FkTlb7NFxPrz",
							"notePath": [
								"QsiEAu2imDM3",
								"MVxlKU1ynV5m",
								"FkTlb7NFxPrz"
							],
							"title": "image.webp",
							"notePosition": 120,
							"prefix": null,
							"isExpanded": false,
							"type": "image",
							"mime": "image/webp",
							"attributes": [
								{
									"type": "label",
									"name": "originalFileName",
									"value": "image.webp",
									"isInheritable": false,
									"position": 1000
								},
								{
									"type": "label",
									"name": "imageUrl",
									"value": "https://pica.zhimg.com/80/5f6cc2f749757aa21a7f49a740267bf1_720w.webp?source=1940ef5c",
									"isInheritable": false,
									"position": 1000
								}
							],
							"dataFileName": "image.webp"
						},
						{
							"isClone": false,
							"noteId": "BuwacJAnvis4",
							"notePath": [
								"QsiEAu2imDM3",
								"MVxlKU1ynV5m",
								"BuwacJAnvis4"
							],
							"title": "image.png",
							"notePosition": 130,
							"prefix": null,
							"isExpanded": false,
							"type": "image",
							"mime": "image/jpg",
							"attributes": [
								{
									"type": "label",
									"name": "originalFileName",
									"value": "image.png",
									"isInheritable": false,
									"position": 1000
								}
							],
							"dataFileName": "10_image.png"
						},
						{
							"isClone": false,
							"noteId": "NhmAcQXnBscZ",
							"notePath": [
								"QsiEAu2imDM3",
								"MVxlKU1ynV5m",
								"NhmAcQXnBscZ"
							],
							"title": "image.png",
							"notePosition": 140,
							"prefix": null,
							"isExpanded": false,
							"type": "image",
							"mime": "image/jpg",
							"attributes": [
								{
									"type": "label",
									"name": "originalFileName",
									"value": "image.png",
									"isInheritable": false,
									"position": 1000
								}
							],
							"dataFileName": "11_image.png"
						},
						{
							"isClone": false,
							"noteId": "hkSGb9bX1xJm",
							"notePath": [
								"QsiEAu2imDM3",
								"MVxlKU1ynV5m",
								"hkSGb9bX1xJm"
							],
							"title": "image.png",
							"notePosition": 150,
							"prefix": null,
							"isExpanded": false,
							"type": "image",
							"mime": "image/jpg",
							"attributes": [
								{
									"type": "label",
									"name": "originalFileName",
									"value": "image.png",
									"isInheritable": false,
									"position": 1000
								}
							],
							"dataFileName": "12_image.png"
						},
						{
							"isClone": false,
							"noteId": "kU8T3SWdE6o5",
							"notePath": [
								"QsiEAu2imDM3",
								"MVxlKU1ynV5m",
								"kU8T3SWdE6o5"
							],
							"title": "image.png",
							"notePosition": 160,
							"prefix": null,
							"isExpanded": false,
							"type": "image",
							"mime": "image/jpg",
							"attributes": [
								{
									"type": "label",
									"name": "originalFileName",
									"value": "image.png",
									"isInheritable": false,
									"position": 1000
								}
							],
							"dataFileName": "13_image.png"
						},
						{
							"isClone": false,
							"noteId": "gjsO3fTFpeq5",
							"notePath": [
								"QsiEAu2imDM3",
								"MVxlKU1ynV5m",
								"gjsO3fTFpeq5"
							],
							"title": "image.jpg",
							"notePosition": 170,
							"prefix": null,
							"isExpanded": false,
							"type": "image",
							"mime": "image/jpg",
							"attributes": [
								{
									"type": "label",
									"name": "originalFileName",
									"value": "image.jpg",
									"isInheritable": false,
									"position": 1000
								},
								{
									"type": "label",
									"name": "imageUrl",
									"value": "https://cdn.nlark.com/yuque/0/2022/png/29621010/1663495495116-41570d8f-08af-4f0b-8667-cbe63c149c99.png?x-oss-process=image%2Fresize%2Cw_937%2Climit_0",
									"isInheritable": false,
									"position": 1000
								}
							],
							"dataFileName": "1_image.jpg"
						},
						{
							"isClone": false,
							"noteId": "efKNLXOpYKso",
							"notePath": [
								"QsiEAu2imDM3",
								"MVxlKU1ynV5m",
								"efKNLXOpYKso"
							],
							"title": "image.jpg",
							"notePosition": 180,
							"prefix": null,
							"isExpanded": false,
							"type": "image",
							"mime": "image/jpg",
							"attributes": [
								{
									"type": "label",
									"name": "originalFileName",
									"value": "image.jpg",
									"isInheritable": false,
									"position": 1000
								},
								{
									"type": "label",
									"name": "imageUrl",
									"value": "https://cdn.nlark.com/yuque/0/2022/png/29621010/1663495705341-496ef8f0-0a8e-4fbb-97f3-19d9d2834564.png?x-oss-process=image%2Fresize%2Cw_937%2Climit_0",
									"isInheritable": false,
									"position": 1000
								}
							],
							"dataFileName": "2_image.jpg"
						},
						{
							"isClone": false,
							"noteId": "UMhku6YPkHOQ",
							"notePath": [
								"QsiEAu2imDM3",
								"MVxlKU1ynV5m",
								"UMhku6YPkHOQ"
							],
							"title": "image.png",
							"notePosition": 190,
							"prefix": null,
							"isExpanded": false,
							"type": "image",
							"mime": "image/jpg",
							"attributes": [
								{
									"type": "label",
									"name": "originalFileName",
									"value": "image.png",
									"isInheritable": false,
									"position": 1000
								}
							],
							"dataFileName": "14_image.png"
						},
						{
							"isClone": false,
							"noteId": "G0jfGtwuwLVd",
							"notePath": [
								"QsiEAu2imDM3",
								"MVxlKU1ynV5m",
								"G0jfGtwuwLVd"
							],
							"title": "image.png",
							"notePosition": 200,
							"prefix": null,
							"isExpanded": false,
							"type": "image",
							"mime": "image/png",
							"attributes": [
								{
									"type": "label",
									"name": "originalFileName",
									"value": "image.png",
									"isInheritable": false,
									"position": 1000
								}
							],
							"dataFileName": "15_image.png"
						},
						{
							"isClone": false,
							"noteId": "yucgwQ3FfAyC",
							"notePath": [
								"QsiEAu2imDM3",
								"MVxlKU1ynV5m",
								"yucgwQ3FfAyC"
							],
							"title": "377adab44aed2e7330c1f5158801a18b87d6fadb.jpg",
							"notePosition": 210,
							"prefix": null,
							"isExpanded": false,
							"type": "image",
							"mime": "image/jpg",
							"attributes": [
								{
									"type": "label",
									"name": "originalFileName",
									"value": "377adab44aed2e7330c1f5158801a18b87d6fadb.jpg",
									"isInheritable": false,
									"position": 1000
								},
								{
									"type": "label",
									"name": "imageUrl",
									"value": "https://iknow-pic.cdn.bcebos.com/377adab44aed2e7330c1f5158801a18b87d6fadb?x-bce-process=image%2Fresize%2Cm_lfit%2Cw_600%2Ch_800%2Climit_1%2Fquality%2Cq_85%2Fformat%2Cf_auto",
									"isInheritable": false,
									"position": 1000
								}
							],
							"dataFileName": "377adab44aed2e7330c1f5158801a1"
						},
						{
							"isClone": false,
							"noteId": "iB4k9ZOlJOlj",
							"notePath": [
								"QsiEAu2imDM3",
								"MVxlKU1ynV5m",
								"iB4k9ZOlJOlj"
							],
							"title": "image.png",
							"notePosition": 220,
							"prefix": null,
							"isExpanded": false,
							"type": "image",
							"mime": "image/png",
							"attributes": [
								{
									"type": "label",
									"name": "originalFileName",
									"value": "image.png",
									"isInheritable": false,
									"position": 1000
								}
							],
							"dataFileName": "16_image.png"
						},
						{
							"isClone": false,
							"noteId": "wzqs3sJvGEf3",
							"notePath": [
								"QsiEAu2imDM3",
								"MVxlKU1ynV5m",
								"wzqs3sJvGEf3"
							],
							"title": "image.png",
							"notePosition": 230,
							"prefix": null,
							"isExpanded": false,
							"type": "image",
							"mime": "image/png",
							"attributes": [
								{
									"type": "label",
									"name": "originalFileName",
									"value": "image.png",
									"isInheritable": false,
									"position": 1000
								}
							],
							"dataFileName": "17_image.png"
						}
					]
				}
			]
		},
		{
			"noImport": true,
			"dataFileName": "navigation.html"
		},
		{
			"noImport": true,
			"dataFileName": "index.html"
		},
		{
			"noImport": true,
			"dataFileName": "style.css"
		}
	]
}